event_number,details
1,"Source: SP1
Opening Balance: 50000
Actual Tonnes (Reclaimed): 3235.686768333333
Grade Fe: 58
Equipment: RC
Equipment Rate (Input): 3000
Equipment Actual Rate: 3000.0
"
2,"Source: SP2
Opening Balance: 50000
Actual Tonnes (Reclaimed): 1078.5622561111113
Grade Fe: 60
Equipment: RC
Equipment Rate (Input): 3000
Equipment Actual Rate: 1000.0000000000002
"
5,"Source: GB2
Opening Balance: 50000
Actual Tonnes (Reclaimed): 2157.124512222222
Grade Fe: 57.5
Equipment: EX
Equipment Rate (Input): 3000
Equipment Actual Rate: 2000.0000000000002
"
